,GEOID,ACS_MFRENTALS,ACS_Owners,ACS_SF_Rents,LUPAMS,HCIDLA,LUPAMS_RC,HCIDLA_RC
54,6037106642,0,1000,112,0,0,0,NA
56,6037106645,0,1078,67,0,0,0,NA
62,6037108101,0,688,109,0,0,0,NA
64,6037108103,0,946,103,0,0,0,NA
65,6037108104,0,552,43,0,0,0,NA
70,6037109300,0,712,191,0,0,0,NA
81,6037111204,0,1752,190,0,0,0,NA
119,6037117301,0,1170,74,0,0,0,NA
129,6037119001,0,757,186,0,0,0,NA
254,6037131300,0,930,268,0,0,0,NA
278,6037134302,0,1051,181,0,0,0,NA
283,6037134421,0,1204,122,0,0,0,NA
306,6037137104,0,831,225,0,0,0,NA
309,6037137302,0,1387,223,0,0,0,NA
314,6037137504,0,648,32,0,0,0,NA
328,6037139702,0,2110,105,0,0,0,NA
329,6037139703,0,873,160,0,0,0,NA
330,6037139801,0,1146,154,0,0,0,NA
331,6037139802,0,1234,99,0,0,0,NA
340,6037141500,0,993,66,0,0,0,NA
341,6037141600,0,1510,116,0,0,0,NA
827,6037261102,0,1549,136,0,0,0,NA
833,6037262303,0,1026,80,0,0,0,NA
834,6037262400,0,1103,51,0,0,0,NA
849,6037265301,0,0,0,0,0,0,NA
876,6037269500,0,1300,84,0,0,0,NA
2327,6037980009,0,0,0,0,0,0,NA
2333,6037980019,0,61,10,0,0,0,NA
2334,6037980020,0,0,0,0,0,0,NA
2336,6037980022,0,0,0,0,0,0,NA
2337,6037980023,0,5,0,0,0,0,NA
2340,6037980026,0,4,4,0,0,0,NA
2341,6037980028,0,0,0,0,0,0,NA
2343,6037980031,0,0,13,0,0,0,NA
17,6037104103,8,637,145,0,0,0,NA
284,6037134422,8,1263,323,0,0,0,NA
57,6037106646,10,807,158,0,0,0,NA
836,6037262601,14,1286,98,0,0,0,NA
2338,6037980024,16,63,0,0,0,0,NA
544,6037207400,28,0,7,0,0,0,NA
63,6037108102,40,926,242,0,0,0,NA
66,6037108201,41,1378,522,0,0,0,NA
83,6037111206,43,1288,165,0,0,0,NA
106,6037115103,46,0,0,0,0,0,NA
40,6037106111,60,1205,94,0,0,0,NA
9,6037102104,65,1018,211,0,0,0,NA
99,6037113303,83,1213,68,0,0,0,NA
270,6037133000,87,902,265,0,0,0,NA
1634,6037535400,101,241,376,0,0,0,NA
285,6037134423,133,1038,122,0,0,0,NA
871,6037267901,355,1073,0,0,0,0,NA
819,6037242100,617,0,97,0,0,0,NA
2117,6037700901,695,623,143,0,0,0,NA
1021,6037302102,1422,725,387,0,0,0,NA
42,6037106113,0,787,137,2,2,0,NA
53,6037106641,0,675,45,2,2,0,NA
55,6037106643,0,1234,102,2,2,0,NA
79,6037111201,0,1014,69,2,2,0,NA
308,6037137301,0,614,124,2,2,0,NA
342,6037141700,0,1121,67,2,2,0,NA
302,6037135202,7,1278,214,3,2,0,NA
303,6037135203,14,2214,301,1,2,0,NA
76,6037109700,65,1028,179,2,2,0,NA
68,6037109100,77,556,68,2,2,0,NA
89,6037113211,84,1302,189,2,2,0,NA
831,6037262301,0,839,70,5,4,0,NA
2330,6037980014,0,0,13,4,4,0,NA
829,6037262100,7,1007,143,4,4,0,NA
138,6037119400,9,881,196,4,4,0,NA
121,6037117303,10,883,162,3,4,0,NA
118,6037117202,11,593,87,4,4,0,NA
51,6037106603,0,838,140,2,5,0,NA
39,6037106020,0,1259,169,6,6,0,NA
88,6037113102,0,906,57,7,7,0,NA
38,6037106010,86,668,169,7,7,0,NA
12,6037103101,0,727,191,8,8,0,NA
44,6037106403,0,622,142,8,8,0,NA
252,6037131100,46,809,187,8,8,0,NA
322,6037139402,50,761,85,8,8,0,NA
279,6037134303,263,1301,229,8,8,0,NA
2025,6037609900,200,309,114,10,10,0,NA
160,6037121600,0,664,140,11,11,0,NA
353,6037143901,55,1369,178,12,11,0,NA
826,6037261101,0,1273,242,14,13,0,NA
253,6037131200,52,773,295,14,14,0,NA
24,6037104310,12,538,293,14,15,0,NA
41,6037106112,0,1277,231,10,16,0,NA
828,6037261200,22,1345,315,16,16,0,NA
87,6037113101,51,923,165,15,16,0,NA
133,6037119310,504,536,91,16,16,0,NA
162,6037121802,10,571,142,18,17,0,NA
892,6037271400,19,1115,210,16,18,0,NA
59,6037106649,0,596,113,19,19,0,NA
31,6037104620,10,448,263,19,19,0,NA
116,6037117102,52,618,103,22,22,0,NA
131,6037119201,33,630,196,24,24,0,NA
318,6037139301,59,1355,164,23,27,0,NA
21,6037104201,13,631,253,29,30,0,NA
2326,6037980008,12,14,11,34,34,4310,4310
35,6037104810,8,660,376,39,35,0,NA
304,6037137000,58,1539,132,35,35,0,NA
26,6037104401,3,399,303,40,38,0,NA
297,6037135102,34,899,337,38,38,0,NA
315,6037138000,27,1465,305,38,39,0,NA
60,6037107010,4,549,188,43,40,0,NA
105,6037115101,17,1496,131,40,40,0,NA
973,6037296401,271,902,114,40,40,0,NA
3,6037101122,0,1025,193,45,44,0,NA
835,6037262501,63,1136,247,44,44,0,NA
157,6037121210,113,475,188,44,44,0,NA
301,6037135201,119,719,63,44,44,0,NA
50,6037106520,89,917,348,46,47,0,NA
260,6037131900,12,1023,354,36,48,0,NA
92,6037113231,56,692,87,48,48,0,NA
71,6037109400,58,852,111,48,49,0,NA
6,6037101300,28,1318,189,52,51,0,NA
101,6037113322,12,1277,104,52,52,0,NA
27,6037104403,5,400,227,54,54,0,NA
158,6037121221,15,328,166,55,55,0,NA
29,6037104500,35,345,235,55,55,0,NA
822,6037242600,1004,68,166,57,56,0,NA
130,6037119002,164,1048,358,57,57,0,NA
256,6037131600,13,1105,338,59,59,0,NA
2335,6037980021,0,0,0,60,60,0,NA
93,6037113232,17,1283,115,61,61,0,NA
78,6037111100,44,761,156,62,62,0,NA
934,6037277100,43,912,115,64,64,0,NA
15,6037103300,0,1021,183,66,69,0,NA
139,6037119700,23,1115,121,77,77,0,NA
928,6037276400,85,1234,237,78,78,0,NA
69,6037109200,21,726,175,80,80,0,NA
2328,6037980010,29,18,12,80,80,0,NA
46,6037106406,75,1199,287,83,85,0,NA
840,6037262802,112,1255,91,83,86,0,NA
156,6037121102,24,529,190,87,87,0,NA
404,6037189300,115,1146,66,90,89,0,NA
77,6037109800,79,1239,141,92,92,0,NA
460,6037194300,95,1149,278,92,94,0,NA
73,6037109601,138,835,265,95,95,0,NA
280,6037134304,215,494,198,95,95,0,NA
985,6037297400,108,1267,164,97,97,0,NA
141,6037119900,165,786,236,99,100,0,NA
956,6037294301,102,472,102,102,101,0,NA
8,6037102103,141,468,71,103,103,0,NA
459,6037194200,87,1200,464,105,104,0,NA
533,6037206020,219,3,10,1,107,0,NA
292,6037134800,145,1439,289,112,112,0,NA
380,6037185204,48,510,119,112,114,0,NA
32,6037104701,501,217,173,116,115,0,NA
944,6037291300,87,778,100,120,120,0,NA
13,6037103102,102,1203,315,125,126,0,NA
500,6037201302,622,1161,68,124,127,0,NA
140,6037119800,92,1016,283,128,128,0,NA
23,6037104204,186,439,79,128,128,0,NA
75,6037109604,110,676,112,132,132,0,NA
61,6037107020,46,903,262,134,135,0,NA
969,6037295103,161,1578,272,136,136,0,NA
362,6037183104,215,518,46,136,136,0,NA
704,6037226002,722,141,38,136,136,0,NA
929,6037276500,97,444,131,137,137,0,NA
722,6037228900,361,148,224,138,139,0,NA
10,6037102105,188,268,114,141,140,0,NA
386,6037186203,19,826,193,141,141,0,NA
841,6037264000,101,985,123,141,141,0,NA
102,6037113401,264,1268,250,145,144,0,NA
948,6037293301,156,810,71,145,145,0,NA
951,6037293306,125,559,104,149,149,0,NA
773,6037237402,209,605,199,151,149,0,NA
846,6037265100,590,853,7,149,149,0,NA
153,6037121010,145,954,189,149,150,0,NA
670,6037220100,539,434,62,150,150,0,NA
30,6037104610,36,397,280,152,152,0,NA
122,6037117404,131,899,263,154,155,0,NA
163,6037121900,137,719,218,155,155,0,NA
839,6037262706,207,1028,137,150,159,0,NA
832,6037262302,138,986,56,159,161,0,NA
34,6037104704,330,623,161,165,163,0,NA
941,6037291130,148,688,166,167,165,0,NA
164,6037122000,105,965,462,168,170,0,NA
262,6037132002,108,766,241,169,170,0,NA
33,6037104703,294,228,62,171,171,0,NA
974,6037296402,122,757,252,175,173,0,NA
132,6037119202,168,682,138,173,173,0,NA
825,6037243100,660,381,365,180,173,0,NA
28,6037104404,117,279,198,174,175,0,NA
853,6037265410,131,386,100,175,176,0,NA
369,6037183510,39,476,249,178,178,0,NA
984,6037297300,140,395,223,182,181,0,NA
854,6037265420,155,522,93,185,182,0,NA
11,6037102107,164,905,189,182,182,0,NA
761,6037236000,273,1718,131,182,182,0,NA
323,6037139502,205,700,316,185,185,0,NA
261,6037132001,239,752,161,184,185,0,NA
875,6037269300,121,1266,152,189,189,0,NA
458,6037194102,288,1159,150,187,189,0,NA
506,6037201601,99,398,129,193,190,0,NA
496,6037201110,114,462,172,180,191,0,NA
142,6037120010,159,402,118,191,191,0,NA
313,6037137502,240,1190,339,189,191,0,NA
172,6037123020,156,480,164,192,193,0,NA
534,6037206031,1150,589,23,210,194,0,NA
310,6037137401,77,1229,300,194,195,0,NA
277,6037134201,173,872,173,203,195,0,NA
664,6037219500,149,491,53,201,201,0,NA
2331,6037980015,153,0,0,204,204,0,NA
82,6037111205,334,684,291,203,204,0,NA
507,6037201602,61,510,208,206,205,0,NA
258,6037131702,279,718,125,207,207,0,NA
25,6037104320,182,541,441,208,208,0,NA
968,6037294900,397,268,183,191,209,0,NA
954,6037294120,82,267,201,211,212,0,NA
837,6037262604,370,2034,250,212,214,0,NA
755,6037234800,177,688,246,222,217,0,NA
168,6037122200,130,434,337,215,218,0,NA
759,6037235201,194,470,254,218,221,0,NA
933,6037277000,267,1786,141,221,221,0,NA
7,6037101400,299,972,227,222,221,0,NA
693,6037222700,141,0,4,226,224,0,NA
275,6037134103,443,761,78,224,226,0,NA
151,6037120300,155,1094,172,227,227,0,NA
90,6037113212,215,689,164,228,228,0,NA
749,6037234200,277,660,164,228,228,0,NA
824,6037243000,82,635,562,234,236,0,NA
847,6037265201,321,573,5,238,238,0,NA
917,6037275101,253,180,55,241,241,0,NA
487,6037199110,87,379,257,248,242,0,NA
527,6037204820,61,301,161,238,244,0,NA
751,6037234501,166,522,230,244,246,0,NA
137,6037119342,339,324,92,248,249,0,NA
505,6037201504,78,316,178,253,252,0,NA
785,6037238400,312,1144,284,250,252,0,NA
311,6037137402,390,1369,295,253,253,0,NA
536,6037206050,692,38,35,252,253,0,NA
814,6037241201,166,429,229,250,254,0,NA
36,6037104821,315,336,115,262,263,0,NA
22,6037104203,239,443,352,264,265,0,NA
529,6037204920,29,295,289,267,266,0,NA
578,6037211000,334,1204,141,280,274,0,NA
45,6037106405,207,584,294,250,275,0,NA
758,6037235100,205,1241,302,277,277,0,NA
298,6037135111,248,609,227,278,278,0,NA
58,6037106648,416,512,65,280,278,0,NA
830,6037262200,268,1351,158,264,280,0,NA
772,6037237401,101,477,426,280,282,0,NA
538,6037206300,2350,8,66,282,282,0,NA
120,6037117302,235,1264,164,286,286,0,NA
818,6037242000,331,394,307,290,286,0,NA
293,6037134901,211,768,157,288,288,0,NA
953,6037294110,288,686,94,288,289,0,NA
155,6037121101,470,408,48,290,290,0,NA
925,6037275603,362,646,166,275,294,0,NA
816,6037241300,295,266,101,295,296,0,NA
115,6037117101,344,905,100,296,296,0,NA
779,6037237900,221,760,335,301,298,0,NA
358,6037181500,70,994,229,302,299,0,NA
385,6037186202,264,323,112,299,299,0,NA
889,6037271100,225,603,142,292,304,0,NA
165,6037122120,348,646,114,304,304,0,NA
166,6037122121,325,291,102,307,308,0,NA
778,6037237800,133,820,242,305,311,0,NA
499,6037201301,242,467,337,316,315,0,NA
511,6037203300,277,67,122,310,315,0,NA
74,6037109603,415,678,174,315,316,0,NA
274,6037134101,416,862,209,321,321,0,NA
870,6037267800,343,666,151,278,322,0,NA
356,6037181300,138,935,290,323,323,0,NA
958,6037294410,717,623,256,324,324,0,NA
327,6037139701,312,1421,190,327,327,0,NA
91,6037113213,378,1080,207,329,331,0,NA
269,6037132900,266,825,175,332,332,0,NA
502,6037201402,228,968,191,331,334,0,NA
790,6037239330,84,224,390,341,340,0,NA
114,6037115404,161,373,246,338,340,0,NA
37,6037104822,281,228,105,336,340,0,NA
838,6037262704,354,920,173,340,340,0,NA
47,6037106407,462,231,105,342,341,0,NA
355,6037181000,195,1748,269,349,346,0,NA
147,6037120105,421,302,153,350,349,0,NA
267,6037132502,486,639,94,352,352,0,NA
517,6037203900,114,315,258,357,361,0,NA
733,6037231500,264,782,378,383,361,0,NA
703,6037226001,171,78,227,347,362,0,NA
266,6037132501,384,538,178,361,362,0,NA
365,6037183222,361,756,165,363,364,0,NA
923,6037275500,1107,396,167,341,364,0,NA
926,6037276000,276,1713,263,366,365,0,NA
154,6037121020,304,456,227,360,366,0,NA
367,6037183401,151,412,202,362,367,0,NA
194,6037124103,315,198,92,366,367,0,NA
491,6037199300,191,682,324,372,371,0,NA
364,6037183221,342,495,159,369,373,0,NA
305,6037137103,1095,1217,131,374,374,0,NA
812,6037241110,148,294,324,379,376,0,NA
537,6037206200,1582,360,7,378,377,0,NA
136,6037119341,377,290,99,370,379,0,NA
804,6037240402,360,466,279,384,382,0,NA
351,6037143700,339,1223,252,381,384,0,NA
80,6037111202,273,1167,412,385,387,0,NA
940,6037291120,385,170,68,388,388,0,NA
955,6037294200,286,814,239,387,389,0,NA
394,6037187200,263,343,282,390,390,0,NA
197,6037124201,302,522,286,389,390,0,NA
807,6037240700,287,879,502,395,393,0,NA
49,6037106510,325,1055,148,401,394,0,NA
811,6037241002,235,403,321,391,395,0,NA
390,6037186403,198,362,296,394,397,0,NA
791,6037239501,243,256,387,404,399,0,NA
742,6037232300,45,659,301,401,400,0,NA
687,6037222001,97,532,243,400,401,0,NA
531,6037205120,695,108,118,407,405,0,NA
519,6037204120,134,224,339,400,406,0,NA
354,6037143902,469,808,55,406,408,0,NA
661,6037219010,108,396,285,401,409,0,NA
379,6037185203,161,388,381,409,409,0,NA
360,6037183101,226,717,323,410,409,0,NA
273,6037134002,431,473,159,409,409,0,NA
97,6037113237,509,853,66,410,410,0,NA
823,6037242700,136,458,588,409,412,0,NA
490,6037199202,174,374,293,424,413,0,NA
888,6037270300,388,483,77,415,416,0,NA
498,6037201200,269,203,250,419,418,0,NA
167,6037122122,408,101,84,415,418,0,NA
753,6037234600,389,901,352,425,420,0,NA
366,6037183300,228,535,248,422,421,0,NA
326,6037139600,749,1230,112,422,422,0,NA
382,6037185320,293,288,281,399,423,0,NA
937,6037278001,244,591,96,436,427,0,NA
532,6037206010,833,119,89,436,429,0,NA
780,6037238000,368,1145,458,417,434,0,NA
359,6037181600,261,564,207,418,436,0,NA
858,6037265602,539,914,43,434,436,0,NA
949,6037293302,285,992,355,440,438,0,NA
272,6037134001,457,321,173,436,438,0,NA
291,6037134720,648,682,226,440,440,0,NA
789,6037239320,114,317,428,449,441,0,NA
808,6037240800,223,444,361,439,441,0,NA
769,6037237201,116,430,403,443,443,0,NA
714,6037228320,239,237,212,444,443,0,NA
381,6037185310,219,286,272,454,445,0,NA
957,6037294302,356,659,177,451,450,0,NA
715,6037228410,198,216,310,426,451,0,NA
52,6037106604,323,522,304,456,456,0,NA
963,6037294620,207,574,358,463,457,0,NA
972,6037296300,579,1171,90,457,457,0,NA
391,6037186404,299,215,239,463,460,0,NA
741,6037232200,363,286,195,462,461,0,NA
185,6037123520,387,306,119,461,465,0,NA
613,6037212701,370,325,79,465,466,0,NA
251,6037131020,375,843,360,462,467,0,NA
508,6037201700,394,597,355,468,468,0,NA
800,6037240020,254,674,363,469,469,0,NA
374,6037183702,395,519,169,467,469,0,NA
817,6037241400,338,206,307,467,470,0,NA
479,6037197200,164,593,443,485,482,0,NA
550,6037208301,437,46,56,490,484,0,NA
959,6037294421,504,342,106,486,487,0,NA
215,6037125600,510,536,118,462,487,0,NA
792,6037239502,241,370,246,496,491,0,NA
809,6037240900,259,638,460,495,496,0,NA
202,6037124500,401,571,231,497,496,0,NA
911,6037273600,182,559,426,495,498,0,NA
810,6037241001,208,391,494,514,498,0,NA
144,6037120030,606,70,16,498,498,0,NA
383,6037186100,423,989,370,512,504,0,NA
542,6037207301,2903,462,52,506,505,0,NA
110,6037115301,441,1030,135,512,510,0,NA
276,6037134104,521,684,141,512,511,0,NA
893,6037271500,534,766,101,505,511,0,NA
522,6037204410,243,58,312,509,512,0,NA
709,6037227020,244,182,297,506,515,0,NA
617,6037213100,670,266,0,515,515,0,NA
562,6037208902,619,0,7,488,516,0,NA
912,6037273700,396,603,197,502,517,0,NA
180,6037123303,500,274,165,522,520,0,NA
697,6037224310,551,21,65,494,522,0,NA
716,6037228420,268,126,327,514,523,0,NA
696,6037224200,504,68,141,471,523,0,NA
922,6037275400,718,872,180,520,523,0,NA
961,6037294520,341,352,234,524,525,0,NA
645,6037217001,506,426,70,524,526,0,NA
868,6037267600,553,412,261,524,526,0,NA
799,6037240010,409,212,350,536,527,0,NA
509,6037203100,804,215,203,522,527,0,NA
726,6037229410,222,177,380,537,529,0,NA
19,6037104108,592,659,107,531,531,0,NA
518,6037204110,163,290,329,537,532,0,NA
159,6037121222,661,341,209,532,533,0,NA
721,6037228800,411,362,406,543,534,0,NA
967,6037294830,624,235,127,508,535,0,NA
268,6037132700,518,685,304,540,536,0,NA
463,6037194500,358,486,110,467,538,0,NA
771,6037237300,365,972,474,534,538,0,NA
16,6037103400,405,1391,603,540,539,0,NA
188,6037123700,438,732,266,539,540,0,NA
727,6037229420,175,367,470,550,542,0,NA
700,6037224420,551,57,89,537,543,0,NA
398,6037188202,354,642,110,543,545,0,NA
728,6037231100,416,86,164,537,545,0,NA
676,6037221303,631,88,26,529,545,0,NA
952,6037293307,631,193,59,549,545,0,NA
797,6037239801,205,345,285,546,546,0,NA
793,6037239601,223,210,393,549,549,0,NA
245,6037128602,422,718,185,553,549,0,NA
943,6037291220,531,398,116,550,550,0,NA
657,6037218701,346,322,189,551,551,0,NA
2,6037101110,385,764,473,555,551,0,NA
14,6037103200,457,1398,318,553,553,0,NA
712,6037228220,303,284,319,564,556,0,NA
399,6037188300,236,722,434,557,558,0,NA
288,6037134521,504,142,72,554,559,0,NA
495,6037199900,347,148,277,563,560,0,NA
466,6037195202,339,799,296,565,561,0,NA
768,6037237102,260,318,304,564,564,0,NA
901,6037272100,327,1163,231,557,564,0,NA
307,6037137201,945,1041,281,566,567,0,NA
378,6037185202,397,686,287,567,570,0,NA
191,6037123902,631,377,87,569,570,0,NA
372,6037183620,343,320,271,579,571,0,NA
723,6037229100,137,337,468,571,572,0,NA
504,6037201503,303,220,362,573,572,0,NA
255,6037131400,662,978,250,568,573,0,NA
748,6037234000,277,1302,407,573,576,0,NA
535,6037206032,1133,217,245,568,576,0,NA
264,6037132102,753,1049,148,578,578,0,NA
747,6037232800,243,321,355,581,580,0,NA
528,6037204910,132,239,407,583,581,0,NA
228,6037127711,536,487,94,578,581,0,NA
218,6037127104,694,479,41,580,581,0,NA
794,6037239602,252,154,406,581,582,0,NA
339,6037141400,788,1093,154,580,582,0,NA
388,6037186302,285,1126,286,584,585,0,NA
177,6037123205,446,140,107,592,585,0,NA
363,6037183220,341,461,371,583,588,0,NA
624,6037214000,454,784,109,590,588,0,NA
501,6037201401,513,579,255,575,590,0,NA
655,6037218500,496,396,142,590,592,0,NA
18,6037104105,676,760,84,546,592,0,NA
221,6037127300,983,495,200,593,593,1237544,1237544
295,6037134904,612,681,142,597,594,0,NA
368,6037183402,399,324,189,606,595,0,NA
930,6037276601,475,1068,86,596,596,0,NA
711,6037228210,335,220,406,598,597,0,NA
739,6037232110,357,198,251,587,598,0,NA
150,6037120108,741,409,132,599,598,0,NA
198,6037124203,457,242,144,605,603,0,NA
668,6037219902,421,517,233,607,604,0,NA
658,6037218702,552,202,45,607,605,0,NA
786,6037239201,197,188,481,621,607,0,NA
710,6037228100,151,390,437,612,608,0,NA
392,6037187101,311,517,299,606,608,0,NA
770,6037237202,339,574,413,610,608,0,NA
673,6037221210,586,143,144,611,610,0,NA
171,6037123010,563,337,143,615,611,0,NA
125,6037117408,589,157,106,610,611,0,NA
637,6037216100,183,662,207,610,613,0,NA
493,6037199700,508,195,371,598,614,0,NA
403,6037189202,541,607,35,609,615,0,NA
514,6037203710,333,216,305,625,616,0,NA
525,6037204700,261,480,482,621,618,0,NA
774,6037237500,327,165,339,609,619,0,NA
43,6037106114,710,654,162,622,621,0,NA
67,6037108202,605,1352,311,626,622,0,NA
178,6037123206,592,199,67,625,624,0,NA
282,6037134306,596,518,74,624,625,0,NA
123,6037117405,724,75,55,626,627,0,NA
705,6037226410,454,118,268,620,629,0,NA
872,6037267902,589,967,64,634,630,0,NA
806,6037240600,259,371,557,624,631,0,NA
503,6037201501,400,686,454,631,632,0,NA
95,6037113234,722,644,81,632,632,0,NA
960,6037294510,315,414,329,636,633,0,NA
236,6037128101,648,421,176,622,635,0,NA
688,6037222002,230,455,541,643,636,0,NA
662,6037219020,293,703,373,636,637,0,NA
936,6037277400,637,16,25,638,638,0,NA
111,6037115302,588,338,82,639,639,0,NA
227,6037127606,594,416,131,639,639,0,NA
516,6037203800,299,435,377,669,640,0,NA
719,6037228710,308,281,370,640,641,0,NA
788,6037239310,175,256,564,643,642,0,NA
203,6037124600,619,633,139,643,642,0,NA
891,6037271300,445,1294,252,644,644,0,NA
894,6037271600,1252,520,100,644,644,0,NA
464,6037195100,461,1253,309,649,645,0,NA
554,6037208501,635,110,79,659,647,0,NA
486,6037199000,805,470,312,638,647,0,NA
708,6037227010,406,243,394,627,648,0,NA
942,6037291210,464,721,246,653,648,0,NA
820,6037242200,528,519,414,645,648,0,NA
387,6037186301,499,294,121,647,650,0,NA
679,6037221402,635,208,98,648,652,0,NA
939,6037291110,739,297,160,648,653,0,NA
523,6037204420,636,73,191,637,654,0,NA
393,6037187102,418,391,345,654,656,0,NA
146,6037120104,585,83,90,657,657,0,NA
224,6037127603,671,134,70,653,658,34661,35109
335,6037141202,851,444,64,660,658,0,NA
964,6037294701,532,156,161,668,659,0,NA
488,6037199120,605,243,233,667,659,0,NA
187,6037123602,674,469,185,660,659,0,NA
857,6037265601,709,546,120,656,660,0,NA
713,6037228310,307,273,433,665,661,0,NA
674,6037221220,709,130,182,639,661,0,NA
497,6037201120,574,428,328,664,664,0,NA
720,6037228720,277,265,426,674,665,0,NA
681,6037221601,439,191,280,661,667,0,NA
821,6037242300,444,395,287,667,667,0,NA
5,6037101220,499,427,238,668,667,0,NA
787,6037239202,138,424,484,663,668,0,NA
701,6037224600,515,103,161,671,668,0,NA
127,6037117520,706,226,40,671,671,0,NA
970,6037296210,549,197,171,677,673,0,NA
117,6037117201,742,316,89,679,673,0,NA
614,6037212702,678,699,84,652,674,0,NA
98,6037113301,232,565,25,677,677,0,NA
512,6037203500,452,167,332,665,679,0,NA
971,6037296220,1124,170,297,677,679,0,NA
938,6037278102,724,699,48,690,680,0,NA
553,6037208402,518,118,185,645,683,0,NA
672,6037221120,600,99,143,673,684,0,NA
257,6037131701,761,695,223,682,686,0,NA
796,6037239702,283,277,483,664,689,0,NA
377,6037185100,612,1126,411,692,689,0,NA
526,6037204810,285,300,564,715,692,0,NA
795,6037239701,217,345,488,695,693,0,NA
682,6037221602,553,55,260,703,693,0,NA
232,6037127805,702,293,160,690,694,0,NA
472,6037195720,600,132,142,671,695,0,NA
376,6037183820,681,218,138,699,697,0,NA
384,6037186201,728,254,172,700,697,0,NA
481,6037197410,417,750,510,701,698,0,NA
656,6037218600,447,438,197,710,698,0,NA
370,6037183520,522,357,228,709,698,0,NA
962,6037294610,578,419,178,702,699,0,NA
665,6037219700,507,649,239,698,701,0,NA
567,6037209104,867,0,27,702,702,0,NA
659,6037218800,449,259,175,700,704,0,NA
239,6037128220,656,345,100,706,704,0,NA
473,6037195802,558,105,255,706,705,0,NA
333,6037141102,608,625,113,703,705,0,NA
113,6037115403,598,292,118,706,706,0,NA
85,6037111302,804,937,87,725,707,0,NA
666,6037219800,483,216,274,710,708,0,NA
975,6037296500,584,346,348,710,709,0,NA
259,6037131800,675,715,238,708,709,0,NA
371,6037183610,468,237,256,695,710,0,NA
683,6037221710,411,131,344,692,712,0,NA
196,6037124105,668,124,109,714,712,0,NA
575,6037209810,650,24,22,651,715,0,NA
752,6037234502,402,376,334,730,719,0,NA
801,6037240200,393,330,609,733,720,0,NA
724,6037229200,432,324,353,731,721,0,NA
104,6037113422,769,1140,223,722,722,0,NA
448,6037192002,608,528,150,732,725,0,NA
589,6037211701,762,342,28,743,727,0,NA
935,6037277200,814,117,70,740,728,0,NA
815,6037241202,485,456,465,732,730,0,NA
754,6037234700,652,572,260,733,730,0,NA
316,6037139001,812,1013,234,730,730,0,NA
235,6037127920,634,440,130,733,731,0,NA
987,6037297601,730,204,226,736,735,0,NA
179,6037123301,650,633,200,736,736,0,NA
986,6037297500,688,1236,184,737,736,0,NA
216,6037127102,880,494,128,735,736,0,NA
541,6037207103,694,58,64,729,737,0,NA
289,6037134522,897,224,168,735,740,0,NA
781,6037238100,445,849,388,747,742,0,NA
134,6037119320,740,259,134,744,744,0,NA
775,6037237600,404,328,443,743,745,0,NA
524,6037204600,447,254,372,748,745,0,NA
145,6037120103,734,63,7,742,747,0,NA
201,6037124400,680,750,171,751,749,0,NA
767,6037237101,267,339,449,742,750,0,NA
966,6037294820,565,117,190,752,750,0,NA
576,6037209820,605,70,125,714,750,0,NA
126,6037117510,716,150,86,753,752,0,NA
176,6037123204,747,179,119,753,752,0,NA
48,6037106408,762,162,52,755,754,0,NA
161,6037121801,617,297,185,757,755,0,NA
484,6037197600,634,254,89,753,756,0,NA
242,6037128400,666,841,164,752,756,0,NA
777,6037237720,391,120,286,766,759,0,NA
170,6037122420,822,483,71,760,760,0,NA
409,6037189702,534,546,166,754,763,0,NA
352,6037143800,776,1515,110,771,767,0,NA
717,6037228500,352,316,439,780,769,0,NA
798,6037239802,385,394,458,769,774,0,NA
813,6037241120,363,362,453,784,775,0,NA
744,6037232500,262,507,650,777,779,0,NA
433,6037191204,531,93,193,782,779,0,NA
904,6037272301,692,503,105,786,779,0,NA
631,6037214700,726,434,100,778,779,0,NA
405,6037189400,588,961,273,756,780,0,NA
510,6037203200,482,410,400,783,782,0,NA
477,6037195902,633,227,145,791,784,0,NA
434,6037191301,714,89,148,787,788,0,NA
571,6037209402,1139,8,31,763,788,0,NA
691,6037222500,317,463,588,785,789,0,NA
263,6037132101,697,744,54,789,789,0,NA
689,6037222100,466,244,442,789,791,0,NA
520,6037204200,382,115,380,802,795,0,NA
124,6037117407,877,18,22,795,795,0,NA
271,6037133100,842,811,349,904,796,0,NA
173,6037123103,872,504,122,790,797,0,NA
478,6037195903,575,105,243,1101,799,0,NA
183,6037123420,723,411,170,788,799,0,NA
233,6037127806,941,201,78,802,801,0,NA
916,6037274202,1074,1078,78,814,803,0,NA
718,6037228600,339,179,488,813,804,0,NA
175,6037123203,755,164,167,798,808,0,NA
470,6037195600,628,343,277,798,809,0,NA
515,6037203720,407,144,460,826,811,0,NA
887,6037270200,537,444,257,812,811,0,NA
906,6037273100,101,624,188,815,812,0,NA
182,6037123410,818,238,159,816,813,0,NA
852,6037265305,1670,99,10,791,813,0,NA
574,6037209520,864,21,24,787,814,0,NA
389,6037186401,726,93,172,824,820,0,NA
338,6037141304,764,635,63,839,826,0,NA
195,6037124104,843,83,99,828,827,0,NA
217,6037127103,807,186,66,823,828,0,NA
965,6037294810,617,95,279,832,830,0,NA
899,6037271901,827,294,154,833,831,0,NA
851,6037265304,865,7,56,834,835,0,NA
756,6037234901,894,53,165,832,835,0,NA
373,6037183701,688,345,264,844,836,0,NA
918,6037275102,792,399,95,840,836,0,NA
684,6037221810,626,79,185,835,841,0,NA
190,6037123901,848,428,185,838,841,0,NA
200,6037124300,760,312,213,840,843,0,NA
435,6037191302,746,92,128,843,844,0,NA
199,6037124204,752,102,204,850,847,0,NA
440,6037191620,1009,37,101,849,847,0,NA
743,6037232400,494,806,540,866,851,0,NA
317,6037139200,926,1111,170,842,852,0,NA
902,6037272201,892,218,58,851,853,0,NA
225,6037127604,910,192,40,852,853,678171,678590
128,6037117530,1092,364,107,853,854,0,NA
143,6037120020,825,190,96,859,855,0,NA
482,6037197420,614,427,274,862,857,0,NA
694,6037224010,1139,0,0,876,857,0,NA
395,6037187300,575,612,230,869,861,0,NA
249,6037128910,720,879,181,850,865,0,NA
230,6037127803,888,295,203,867,868,89,89
572,6037209403,1332,0,16,819,869,0,NA
776,6037237710,506,193,253,879,871,0,NA
321,6037139401,816,251,139,877,874,0,NA
583,6037211202,865,56,26,875,876,0,NA
732,6037231400,321,557,566,876,878,0,NA
169,6037122410,901,61,62,883,883,0,NA
896,6037271702,1375,410,18,871,883,0,NA
873,6037269000,984,1200,155,793,884,0,NA
805,6037240500,434,495,601,885,886,0,NA
877,6037269601,801,169,89,883,886,0,NA
604,6037212304,811,5,6,875,886,0,NA
621,6037213320,808,34,112,858,887,0,NA
615,6037212800,655,492,316,889,888,0,NA
109,6037115202,806,803,301,886,888,0,NA
577,6037210010,961,162,126,885,888,0,NA
746,6037232700,439,431,684,883,891,0,NA
563,6037208903,1139,9,20,913,893,0,NA
149,6037120107,888,70,63,894,895,0,NA
678,6037221401,973,94,181,900,896,0,NA
981,6037297120,668,220,204,899,897,0,NA
192,6037124000,797,1088,195,896,898,0,NA
564,6037208904,1122,10,57,885,898,0,NA
530,6037205110,786,0,33,899,899,0,NA
540,6037207102,889,19,38,894,903,0,NA
690,6037222200,766,234,219,902,904,0,NA
573,6037209510,890,34,9,907,904,0,NA
349,6037143603,802,406,63,904,905,0,NA
582,6037211201,898,22,24,906,905,0,NA
609,6037212501,952,33,6,893,905,0,NA
879,6037269700,840,767,58,885,906,0,NA
706,6037226420,667,128,430,893,907,0,NA
649,6037218110,761,338,90,911,909,0,NA
492,6037199400,469,476,299,890,911,0,NA
446,6037191902,681,547,182,905,911,0,NA
226,6037127605,752,172,121,910,912,0,NA
730,6037231220,916,79,196,925,912,0,NA
979,6037297000,730,1096,369,916,913,0,NA
319,6037139302,1475,402,27,918,914,0,NA
745,6037232600,522,738,542,917,915,0,NA
729,6037231210,535,202,430,909,915,0,NA
605,6037212305,979,38,32,921,916,0,NA
475,6037195804,567,190,263,916,917,0,NA
766,6037236400,921,1013,50,917,919,0,NA
312,6037137501,827,732,39,922,921,0,NA
474,6037195803,642,382,142,938,923,0,NA
241,6037128303,922,70,78,927,927,0,NA
707,6037226700,449,298,599,916,928,0,NA
348,6037143602,1255,895,76,928,928,0,NA
186,6037123601,985,708,201,926,929,0,NA
320,6037139303,1389,460,45,938,931,0,NA
580,6037211121,816,51,45,936,936,0,NA
740,6037232120,570,285,491,934,941,0,NA
476,6037195901,753,156,175,961,941,0,NA
725,6037229300,336,271,625,938,943,0,NA
731,6037231300,766,424,413,953,944,0,NA
988,6037297602,801,702,268,941,944,0,NA
920,6037275302,838,1402,205,954,945,0,NA
671,6037221110,877,69,134,918,945,0,NA
983,6037297202,633,583,188,955,946,0,NA
784,6037238320,560,200,314,944,950,0,NA
521,6037204300,499,248,499,951,951,0,NA
654,6037218400,740,426,298,956,951,0,NA
677,6037221304,1056,39,21,966,952,0,NA
452,6037192510,739,183,221,944,953,0,NA
425,6037190802,1173,141,100,941,953,0,NA
620,6037213310,922,84,105,952,954,0,NA
890,6037271200,913,222,50,959,956,0,NA
489,6037199201,820,177,217,957,957,0,NA
86,6037111400,1522,986,353,960,958,0,NA
513,6037203600,545,324,457,938,959,0,NA
357,6037181400,808,448,367,972,965,0,NA
587,6037211420,939,236,144,964,965,0,NA
900,6037271902,986,642,104,958,965,0,NA
208,6037125200,776,542,270,964,972,0,NA
456,6037192700,829,127,155,968,976,0,NA
699,6037224410,570,240,236,958,979,0,NA
193,6037124102,883,365,137,978,982,0,NA
290,6037134710,1154,335,162,981,983,0,NA
447,6037192001,914,193,108,966,985,0,NA
461,6037194401,974,204,102,995,986,0,NA
843,6037264103,1062,348,45,985,987,0,NA
135,6037119340,886,31,12,987,989,0,NA
449,6037192300,991,510,38,992,990,0,NA
803,6037240401,607,317,377,993,991,0,NA
566,6037209103,976,0,54,992,992,0,NA
950,6037293304,667,499,265,991,993,0,NA
325,6037139504,1137,561,52,994,993,0,NA
698,6037224320,809,90,101,962,994,0,NA
148,6037120106,1074,99,1,996,995,0,NA
570,6037209401,1331,16,90,996,996,0,NA
878,6037269602,846,199,58,1004,1000,0,NA
209,6037125310,1453,382,171,997,1001,0,NA
842,6037264102,1022,494,0,1005,1013,0,NA
802,6037240300,452,416,578,1029,1016,0,NA
651,6037218210,654,305,139,1004,1016,0,NA
680,6037221500,811,189,219,1010,1016,0,NA
921,6037275311,936,972,406,1019,1016,0,NA
586,6037211410,953,86,112,1029,1022,0,NA
630,6037214600,895,379,75,1015,1028,0,NA
184,6037123510,939,393,190,1035,1031,0,NA
619,6037213202,912,212,182,1051,1032,0,NA
652,6037218220,923,490,165,1031,1034,0,NA
667,6037219901,779,377,252,1030,1035,0,NA
737,6037231800,548,203,459,1051,1038,0,NA
982,6037297201,611,500,209,1038,1039,0,NA
412,6037189903,1085,322,19,1037,1039,0,NA
598,6037212101,1149,134,0,1040,1039,0,NA
560,6037208801,1212,0,7,1033,1039,0,NA
243,6037128500,922,803,287,998,1046,0,NA
736,6037231720,833,299,388,1047,1050,0,NA
625,6037214100,1072,576,98,1050,1050,0,NA
913,6037273800,752,488,332,1046,1051,0,NA
738,6037231900,637,315,392,1038,1052,0,NA
494,6037199800,531,407,567,1052,1053,0,NA
437,6037191420,829,83,257,1056,1053,0,NA
281,6037134305,1103,6,10,1053,1053,0,NA
675,6037221302,1232,61,41,1072,1061,0,NA
596,6037211921,978,25,0,1069,1065,0,NA
471,6037195710,999,160,153,1072,1066,0,NA
457,6037194101,1051,520,97,1083,1066,0,NA
663,6037219300,709,309,435,1071,1067,0,NA
545,6037207501,1112,273,0,1062,1067,0,NA
568,6037209200,1373,113,27,1064,1070,0,NA
375,6037183810,829,174,277,1059,1071,0,NA
642,6037216700,916,648,89,1071,1072,0,NA
337,6037141303,1295,406,9,1069,1072,0,NA
735,6037231710,778,165,230,1072,1076,0,NA
441,6037191710,1064,61,100,1076,1077,0,NA
451,6037192420,1093,191,89,1074,1078,0,NA
641,6037216402,1191,192,13,1081,1079,0,NA
240,6037128302,1038,286,95,1086,1087,0,NA
588,6037211500,1082,602,124,1081,1089,0,NA
174,6037123104,1091,379,105,1076,1089,0,NA
347,6037143500,970,995,248,1089,1093,0,NA
643,6037216800,771,558,152,1098,1094,0,NA
220,6037127220,1253,389,58,1096,1099,0,NA
237,6037128102,929,323,175,1087,1100,0,NA
650,6037218120,1061,266,133,1062,1100,0,NA
112,6037115401,1162,727,85,1114,1105,0,NA
223,6037127520,1231,12,22,1104,1107,0,NA
610,6037212502,1184,65,26,1135,1108,0,NA
231,6037127804,1070,396,65,1115,1116,6115,6115
547,6037207710,1868,285,0,1117,1117,0,NA
685,6037221820,860,28,94,1064,1119,0,NA
361,6037183103,828,325,237,1116,1122,0,NA
213,6037125501,1118,315,161,1117,1125,0,NA
859,6037265700,1391,955,129,1086,1125,0,NA
608,6037212420,1148,59,21,1122,1127,0,NA
980,6037297110,969,202,420,1133,1131,0,NA
450,6037192410,941,570,192,1126,1132,0,NA
907,6037273200,741,387,363,1118,1138,0,NA
760,6037235202,1042,527,266,1150,1138,0,NA
152,6037120400,1169,599,278,1139,1139,0,NA
432,6037191203,1025,61,106,1117,1142,0,NA
219,6037127210,1206,551,143,1217,1142,234289,181176
606,6037212306,1052,52,59,1143,1147,0,NA
555,6037208502,1031,61,134,1134,1148,0,NA
869,6037267700,1161,425,126,1151,1149,0,NA
343,6037143100,1099,955,142,1155,1155,0,NA
874,6037269100,1098,639,105,1171,1166,0,NA
600,6037212202,1159,23,0,1147,1174,0,NA
229,6037127712,846,223,93,1180,1175,597611,597611
602,6037212204,1180,38,30,1176,1178,0,NA
903,6037272202,1115,353,110,1189,1181,0,NA
222,6037127400,1283,341,197,1189,1181,0,NA
414,6037189905,1194,225,28,1177,1184,0,NA
429,6037191110,911,18,191,1162,1191,0,NA
234,6037127910,1077,201,155,1176,1193,0,NA
205,6037124902,1309,199,41,1196,1195,0,NA
250,6037131010,1382,461,111,1196,1200,0,NA
669,6037220000,978,710,405,1204,1201,0,NA
400,6037189101,1043,166,196,1202,1205,0,NA
632,6037214800,1031,325,73,1140,1206,0,NA
919,6037275200,1165,359,78,1202,1208,0,NA
860,6037267100,1450,1308,136,1193,1212,0,NA
783,6037238310,808,140,394,1207,1215,0,NA
483,6037197500,1016,295,279,1211,1216,0,NA
552,6037208401,1342,49,67,1248,1221,0,NA
407,6037189600,987,894,177,1229,1223,0,NA
782,6037238200,772,848,526,1242,1233,0,NA
248,6037128802,1202,832,141,1107,1234,0,NA
204,6037124700,1066,912,180,1236,1236,0,NA
299,6037135113,1014,144,208,1234,1240,0,NA
480,6037197300,849,464,429,1232,1245,0,NA
561,6037208802,1252,51,48,1237,1245,0,NA
287,6037134520,1359,340,128,1249,1245,0,NA
444,6037191820,1009,149,62,1139,1246,0,NA
324,6037139503,1637,935,82,1244,1246,0,NA
556,6037208610,983,231,142,1246,1249,0,NA
914,6037273902,1036,836,327,1249,1251,0,NA
915,6037274100,1386,838,98,815,1257,0,NA
692,6037222600,757,235,613,1253,1260,0,NA
442,6037191720,1070,78,171,1261,1262,0,NA
467,6037195300,922,321,302,1283,1266,0,NA
867,6037267502,1184,298,134,1288,1267,0,NA
618,6037213201,1297,124,78,1250,1267,0,NA
469,6037195500,653,953,587,1281,1268,0,NA
396,6037188100,921,471,287,1234,1268,0,NA
455,6037192620,1070,57,54,1261,1269,0,NA
244,6037128601,1146,378,107,1266,1269,0,NA
865,6037267404,1350,234,8,1256,1271,0,NA
616,6037212900,1266,164,135,1286,1281,0,NA
428,6037191000,1546,348,65,1278,1281,0,NA
856,6037265520,1314,818,134,1264,1282,0,NA
648,6037217200,1028,322,227,1276,1284,0,NA
603,6037212303,1237,0,0,1163,1286,0,NA
757,6037234902,1022,212,244,1276,1287,0,NA
443,6037191810,1071,92,73,1286,1288,0,NA
585,6037211320,1095,26,55,1284,1288,0,NA
247,6037128801,1209,512,80,1289,1288,0,NA
880,6037269800,1106,327,142,1278,1294,0,NA
977,6037296901,936,147,388,1297,1296,0,NA
599,6037212102,1191,24,0,1292,1296,0,NA
584,6037211310,1192,61,45,1286,1297,0,NA
734,6037231600,807,446,690,1312,1299,0,NA
634,6037214902,1252,297,39,1298,1301,0,NA
581,6037211122,1156,29,73,1310,1302,0,NA
765,6037236204,1210,0,16,1302,1302,0,NA
686,6037221900,666,49,172,1304,1304,0,NA
212,6037125402,1405,474,97,1307,1307,0,NA
439,6037191610,990,201,291,1301,1308,0,NA
420,6037190402,1245,15,11,1308,1311,0,NA
181,6037123304,1311,269,97,1309,1311,0,NA
978,6037296902,888,351,337,1310,1312,0,NA
594,6037211804,1203,96,26,1306,1314,0,NA
468,6037195400,1019,782,408,1324,1319,0,NA
465,6037195201,1047,320,165,1321,1321,0,NA
883,6037269905,1204,10,63,1308,1322,0,NA
946,6037293201,895,855,360,1323,1325,0,NA
265,6037132300,1340,843,237,1325,1329,0,NA
932,6037276604,1624,679,34,1324,1331,0,NA
611,6037212610,1467,325,18,1331,1334,0,NA
551,6037208302,1215,107,112,1316,1336,0,NA
976,6037296600,1086,396,462,1344,1342,0,NA
885,6037269907,1168,174,11,1322,1351,0,NA
454,6037192610,1319,95,57,1348,1357,0,NA
764,6037236203,1426,30,35,1352,1357,0,NA
189,6037123800,1472,745,142,1360,1357,0,NA
947,6037293202,1057,346,341,1351,1358,0,NA
426,6037190901,1272,79,104,1340,1358,0,NA
908,6037273300,941,352,365,1372,1360,0,NA
346,6037143400,1580,1163,232,1369,1365,0,NA
597,6037211922,1321,22,0,1368,1375,0,NA
214,6037125502,1236,338,184,1371,1376,0,NA
924,6037275602,2264,1398,59,1385,1382,0,NA
344,6037143200,1344,515,85,1353,1383,0,NA
591,6037211704,1470,130,6,1454,1383,0,NA
408,6037189701,753,1008,133,1384,1384,0,NA
100,6037113321,1491,675,162,1393,1394,0,NA
206,6037124903,1332,179,109,1400,1401,0,NA
238,6037128210,1276,51,182,1399,1406,0,NA
702,6037224700,893,9,106,1402,1412,0,NA
424,6037190801,1210,110,49,1356,1419,0,NA
539,6037207101,1375,74,39,1425,1425,0,NA
559,6037208720,1386,23,79,1414,1429,0,NA
557,6037208620,1457,116,72,1439,1434,0,NA
430,6037191120,1243,149,262,1438,1443,0,NA
485,6037197700,1269,308,222,1429,1444,0,NA
107,6037115104,1377,391,75,1324,1445,0,NA
421,6037190510,1697,15,41,1446,1447,0,NA
296,6037134905,1517,221,6,1447,1448,0,NA
897,6037271801,1272,353,24,1451,1453,0,NA
334,6037141201,1613,250,107,1460,1460,0,NA
413,6037189904,1489,8,21,1472,1472,0,NA
931,6037276603,1760,1466,62,1473,1478,0,NA
422,6037190520,1414,173,52,1502,1481,0,NA
601,6037212203,1160,13,17,1486,1484,0,NA
453,6037192520,1322,112,120,1456,1484,0,NA
427,6037190902,1389,108,132,1494,1497,0,NA
884,6037269906,1327,154,13,1494,1503,0,NA
848,6037265202,1404,520,0,1493,1504,0,NA
438,6037191500,1391,199,114,1481,1505,0,NA
861,6037267200,1642,1048,123,1510,1508,0,NA
94,6037113233,1662,596,141,1511,1508,0,NA
103,6037113421,1400,469,110,1510,1510,0,NA
633,6037214901,1513,551,92,1510,1510,0,NA
845,6037264302,1762,1008,149,1510,1513,0,NA
653,6037218300,1129,722,277,1510,1514,0,NA
436,6037191410,1348,22,221,1511,1516,0,NA
401,6037189102,1339,511,70,1516,1518,0,NA
623,6037213402,1373,67,26,1495,1519,0,NA
416,6037190201,1332,8,23,1535,1524,0,NA
84,6037111301,1664,888,217,1531,1528,0,NA
246,6037128702,1505,1071,170,1552,1556,0,NA
607,6037212410,1569,60,18,1566,1563,0,NA
548,6037207900,1749,613,42,1561,1568,0,NA
639,6037216300,1429,803,145,1578,1578,0,NA
593,6037211803,1576,48,0,1575,1578,0,NA
695,6037224020,797,42,51,1567,1580,0,NA
910,6037273502,1097,276,338,1605,1585,0,NA
569,6037209300,1737,38,80,1586,1585,0,NA
850,6037265303,1377,45,20,1523,1590,0,NA
644,6037216900,1338,1009,200,1588,1592,0,NA
332,6037141101,1554,718,103,1601,1600,0,NA
864,6037267403,1514,248,0,1568,1604,0,NA
462,6037194402,1326,564,131,1610,1610,0,NA
397,6037188201,1493,335,62,1614,1612,0,NA
558,6037208710,1709,185,10,1604,1615,0,NA
629,6037214503,1429,0,128,2404,1619,0,NA
862,6037267300,1718,244,142,1618,1623,0,NA
622,6037213401,1698,44,33,1606,1630,0,NA
549,6037208000,1972,119,249,1625,1638,0,NA
627,6037214501,1390,33,167,2386,1642,0,NA
646,6037217002,1722,566,54,1629,1646,0,NA
595,6037211910,1587,46,7,1631,1647,0,NA
431,6037191201,1468,110,158,1653,1658,0,NA
905,6037272302,1596,248,112,1647,1660,0,NA
543,6037207302,2788,213,0,1660,1660,0,NA
612,6037212620,1711,98,55,1655,1661,0,NA
881,6037269903,1618,57,33,1639,1665,0,NA
660,6037218900,1437,259,324,1659,1666,0,NA
635,6037215101,1548,94,9,1682,1686,0,NA
565,6037209102,1740,70,36,1831,1705,0,NA
445,6037191901,1560,89,81,1706,1708,0,NA
4,6037101210,1705,345,249,1725,1723,0,NA
419,6037190401,1731,14,71,1734,1730,0,NA
410,6037189800,1668,595,84,1732,1740,0,NA
855,6037265510,1949,342,6,1691,1754,0,NA
626,6037214400,1578,98,25,1767,1775,0,NA
590,6037211703,1757,243,37,1778,1782,0,NA
423,6037190700,1601,105,91,1759,1784,0,NA
546,6037207502,1847,0,17,1847,1835,0,NA
336,6037141302,1906,873,150,1847,1844,0,NA
750,6037234300,1631,418,160,1851,1849,0,NA
300,6037135114,2022,335,95,1845,1849,0,NA
647,6037217100,1280,736,282,1865,1859,0,NA
345,6037143300,1608,1196,221,1873,1871,0,NA
909,6037273402,1468,355,108,1876,1891,0,NA
579,6037211120,2276,166,0,1883,1923,0,NA
402,6037189201,1731,96,100,1904,1924,0,NA
592,6037211802,1958,216,0,1939,1937,0,NA
640,6037216401,1811,299,0,2047,1945,0,NA
866,6037267501,2097,412,50,1970,1974,0,NA
895,6037271701,1974,688,140,2122,2032,0,NA
350,6037143604,1997,62,13,2041,2041,0,NA
108,6037115201,1994,707,76,2046,2042,0,NA
886,6037270100,2239,198,48,2069,2074,0,NA
863,6037267402,2179,345,67,2075,2094,0,NA
207,6037125100,1747,802,141,2169,2165,0,NA
636,6037215102,2001,12,8,2162,2172,0,NA
763,6037236202,2330,11,100,2203,2219,0,NA
882,6037269904,2011,15,80,2136,2259,0,NA
762,6037236100,2156,543,126,2267,2270,0,NA
898,6037271802,2237,359,113,2258,2276,0,NA
638,6037216200,1902,617,105,2311,2319,0,NA
211,6037125401,2063,156,50,2364,2362,0,NA
844,6037264301,2451,500,0,2393,2391,0,NA
927,6037276100,2379,471,138,2413,2409,0,NA
418,6037190301,2405,29,100,2413,2424,0,NA
406,6037189500,2212,317,155,2422,2425,0,NA
210,6037125320,2479,173,46,2490,2493,0,NA
417,6037190202,2083,36,0,2561,2571,0,NA
411,6037189902,2911,195,91,2811,2813,0,NA
294,6037134903,2374,9,10,2862,2859,0,NA
628,6037214502,2376,0,78,3525,2873,0,NA
415,6037190100,2477,155,94,2914,2913,0,NA